sample	is_brain	prob_brain
ES_5001-capt-SI_5013-C0LAMACXX	1	0.09361903278719012
ES_5004-capt-SI_5834-C19KEACXX	0	0.05246758083813559
ES_5004-poly-SI_5767-C19KEACXX	0	0.3102158288109144
ES_5005-capt-SI_5505-D130HACXX	0	0.004736328354908075
ES_5005-poly-SI_5486-D12YGACXX	0	0.005716945835637082
MO_1001-poly-SI_4110-D0CG3ABXX	0	0.002589539471779765
MO_1002-poly-SI_4111-D0CG3ABXX	0	0.0170291446660274
MO_1005-poly-SI_4154-C0282ABXX	0	0.003415461843963723
MO_1007-poly-SI_4349-D07RMACXX	0	0.01771368739412472
MO_1008-capt-SI_4519-D0EN5ACXX	1	0.009269902561312953
MO_1011-capt-SI_4568-D0GPLACXX	0	0.01081539497102958
MO_1011-poly-SI_4443-C0978ACXX	0	0.0004196636946519111
MO_1012-poly-SI_4444-C0978ACXX	0	0.0013281764840903376
MO_1013-poly-SI_4538-C0A6EACXX	0	0.003534094925393312
MO_1014-poly-SI_4539-C0A6EACXX	0	0.0007139721792645105
MO_1015-capt-SI_4733-D0H01ACXX	0	0.16478997039585117
MO_1015-poly-SI_4599-C07ECACXX	0	0.510402932597382
MO_1016-capt-SI_4734-D0H01ACXX	0	0.014723410752821279
MO_1016-poly-SI_4600-D0GPLACXX	0	0.00391381148303394
MO_1017-poly-SI_4601-D0GPLACXX	0	0.00036126076997550915
MO_1020-poly-SI_4737-D0H01ACXX	0	0.021626409130577597
MO_1022-capt-SI_4823-D0L3RACXX	0	0.022473622292406716
MO_1022-poly-SI_4827-D0L3RACXX	0	0.01947732336013581
MO_1023-capt-SI_4824-D0L3RACXX	0	0.07936877006957872
MO_1023-poly-SI_4828-D0L3RACXX	0	1.2982599042451167e-06
MO_1024-capt-SI_4825-D0L3RACXX	0	0.018024642530869155
MO_1024-poly-SI_4829-D0L3RACXX	0	0.00012342536869191273
MO_1025-capt-SI_4862-C0EMJACXX	0	0.0025354124249298126
MO_1025-poly-SI_4850-C0EMJACXX	0	0.0010160766342609173
MO_1026-capt-SI_4863-C0EMJACXX	0	0.009339472576647932
MO_1026-poly-SI_4851-C0EMJACXX	0	0.008840437329553643
MO_1027-capt-SI_4864-C0EMJACXX	0	0.06351702057704113
MO_1027-poly-SI_4852-C0EMJACXX	0	0.025044502541180576
MO_1028-capt-SI_4933-C0KFGACXX	0	0.004089111305213861
MO_1028-poly-SI_4924-C0KFGACXX	0	0.004712896377948732
MO_1030-capt-SI_5380-D12U3ACXX	0	0.011159288530041146
MO_1031-capt-SI_5275-C0VU9ACXX	0	0.0013367200549934527
MO_1031-poly-SI_5256-C0VU9ACXX	0	0.0005823054767060195
MO_1032-capt-SI_4934-C0KFGACXX	0	0.0030613183203325083
MO_1032-poly-SI_4925-C0KFGACXX	0	0.0007503230268034986
MO_1033-capt-SI_4935-C0KFGACXX	0	0.05378850433026127
MO_1033-poly-SI_4926-C0KFGACXX	0	0.04772521681995701
MO_1034-capt-SI_4976-C0L92ACXX	0	0.018603343554597834
MO_1035-capt-SI_5162-C0MHHACXX	0	0.0056465607614835205
MO_1036-capt-SI_4968-C0LARACXX	0	0.22480930303214403
MO_1036-poly-SI_4963-C0KW0ACXX	0	0.6604418748689852
MO_1037-capt-SI_4969-C0L92ACXX	0	0.002670986525606251
MO_1037-poly-SI_4964-C0KW0ACXX	0	0.00144661236585725
MO_1038-capt-SI_5040-C0LM6ACXX	0	0.0626566655798141
MO_1039-capt-SI_4970-C0L92ACXX	0	0.005937855594673211
MO_1039-poly-SI_4965-C0KRNACXX	0	0.005356918448608814
MO_1040-capt-SI_4971-C0L92ACXX	0	0.0013133349749002911
MO_1040-poly-SI_4966-C0KRNACXX	0	0.0032357751369256295
MO_1042-capt-SI_5041-C0LARACXX	0	0.006376901595455832
MO_1042-poly-SI_5026-C0LARACXX	0	0.008149534350026997
MO_1043-capt-SI_5055-D0UTEACXX	0	0.006066733837593265
MO_1043-poly-SI_5043-D0UTEACXX	0	0.026587978751766182
MO_1044-capt-SI_5056-D0UTEACXX	0	0.030345700753131224
MO_1044-poly-SI_5044-D0UTEACXX	0	0.018604806294279904
MO_1045-poly-SI_5090-D0VCEACXX	0	0.008232140724487122
MO_1046-capt-SI_5083-D0VDLACXX	0	0.01345262835502492
MO_1046-poly-SI_5059-D0VDLACXX	0	0.001476630476382729
MO_1047-capt-SI_5057-D0UTEACXX	0	0.031419874400429475
MO_1047-poly-SI_5045-D0UTEACXX	0	0.006292669570357017
MO_1048-capt-SI_5058-D0UTEACXX	0	0.030993440894841726
MO_1048-poly-SI_5046-D0UTEACXX	0	0.02766167945080813
MO_1049-capt-SI_5084-D0VDLACXX	0	0.01832353668695901
MO_1049-poly-SI_5060-D0VDLACXX	0	0.01682734850573665
MO_1050-capt-SI_5085-D0VDLACXX	0	0.010709226613936447
MO_1050-poly-SI_5061-D0VDLACXX	0	0.007553135432625792
MO_1051-capt-SI_5093-D0VCEACXX	0	0.0014968150402345259
MO_1051-poly-SI_5091-D0VCEACXX	0	0.00042263177228836393
MO_1052-capt-SI_5382-D12U3ACXX	0	0.04905712306685462
MO_1053-capt-SI_5086-D0VDLACXX	0	0.011438920120328504
MO_1053-poly-SI_5062-D0VDLACXX	0	0.01150970789500558
MO_1055-capt-SI_5155-C0MHHACXX	0	0.02802896879696675
MO_1055-poly-SI_5150-C0MHHACXX	0	0.021404156251640195
MO_1058-capt-SI_5214-C0VTMACXX	0	0.011070383498966212
MO_1058-poly-SI_5183-C0VTMACXX	0	0.03328054766363066
MO_1059-capt-SI_5157-C0MHHACXX	0	0.004533310373030356
MO_1059-poly-SI_5151-C0MHHACXX	0	0.002893393712669798
MO_1060-capt-SI_5158-C0MHHACXX	0	0.015282598628659674
MO_1060-poly-SI_5152-C0MHHACXX	0	0.008601543037993174
MO_1061-capt-SI_5159-C0MHHACXX	0	0.030695887896206798
MO_1061-poly-SI_5153-C0MHHACXX	0	0.04516559852719811
MO_1062-capt-SI_5161-C0MHHACXX	0	0.03663727197466266
MO_1062-poly-SI_5154-C0MHHACXX	0	0.05344082746341858
MO_1063-capt-SI_5215-C0VTMACXX	0	0.02855211853501041
MO_1063-poly-SI_5184-C0VTMACXX	0	0.02483264529525084
MO_1064-capt-SI_5216-C0VTMACXX	0	0.012870749154540242
MO_1064-poly-SI_5185-C0VTMACXX	0	0.010326485703344107
MO_1065-capt-SI_5217-C0VTMACXX	0	0.011304333458473276
MO_1065-poly-SI_5186-C0VTMACXX	0	0.009138363989970245
MO_1066-capt-SI_9604-C5MGWANXX	0	0.003465064324476282
MO_1066-poly-SI_9578-C5MGWANXX	0	0.005308134979295918
MO_1067-capt-SI_5218-C0VTLACXX	0	0.010811262811874498
MO_1067-poly-SI_5187-C0VTLACXX	0	0.004066933673887705
MO_1068-capt-SI_5219-C0VTYACXX	0	0.00042462578607652015
MO_1068-poly-SI_5188-C0VTYACXX	0	0.00041629544211196527
MO_1069-capt-SI_5276-C0VU9ACXX	0	0.00022482632655444182
MO_1069-poly-SI_5257-C0VU9ACXX	0	0.0001459818969276372
MO_1070-capt-SI_5315-C0VU9ACXX	0	0.02850520301796818
MO_1070-poly-SI_5281-C0VU9ACXX	0	0.029032947607758465
MO_1072-capt-SI_5316-D12MJACXX	0	0.004253379428972288
MO_1072-poly-SI_5351-D12MJACXX	0	0.0028723787314758873
MO_1073-capt-SI_5432-C0VURACXX	0	0.005216067593554548
MO_1073-poly-SI_5409-C0VURACXX	0	0.0054248731061766
MO_1074-capt-SI_5433-C0VYRACXX	0	0.024384229016193713
MO_1074-poly-SI_5410-C0VYRACXX	0	0.02492534381590774
MO_1075-capt-SI_5932-D1E4FACXX	0	0.010053576653157882
MO_1076-capt-SI_5501-D130HACXX	0	0.030414208439514305
MO_1077-capt-SI_5502-D130HACXX	0	0.008872730264287431
MO_1077-poly-SI_5484-D12YGACXX	0	0.015576334597941562
MO_1079-capt-SI_5682-C19FAACXX	0	0.014946292893878643
MO_1079-poly-SI_5663-C19FAACXX	0	0.013579905658796756
MO_1080-capt-SI_5560-D131EACXX	0	0.19796909244922958
MO_1084-capt-SI_5555-D131EACXX	0	0.000627796783181946
MO_1084-poly-SI_5551-D131EACXX	0	0.0005383866396011721
MO_1085-capt-SI_5556-D131EACXX	0	0.0013239714641743452
MO_1085-poly-SI_5552-D131EACXX	0	0.0036530680340542106
MO_1086-capt-SI_5557-D131EACXX	0	0.013299233034216514
MO_1086-poly-SI_5553-D131EACXX	0	0.008031722693014763
MO_1087-capt-SI_5598-D18NCACXX	0	0.0009153404095237176
MO_1087-poly-SI_5589-D18NCACXX	0	0.0007553792829037935
MO_1088-capt-SI_5831-C19FGACXX	0	0.025309363352043583
MO_1089-capt-SI_5602-C147NACXX	0	0.009217343503419408
MO_1089-poly-SI_5593-C147NACXX	0	0.010783837864003238
MO_1090-capt-SI_5612-D18NCACXX	0	0.04991032964077997
MO_1091-capt-SI_5836-C19FGACXX	0	0.0005519749614574175
MO_1091-poly-SI_5769-C19FGACXX	0	0.0004880711385534592
MO_1092-capt-SI_5603-D18NCACXX	0	0.01881022467343442
MO_1093-capt-SI_5683-C19D0ACXX	0	0.007416577787634024
MO_1093-poly-SI_5664-C19D0ACXX	0	0.01036673418766185
MO_1094-capt-SI_5604-D133TACXX	0	0.006715114612158618
MO_1094-poly-SI_5594-D133TACXX	0	0.00846368108358677
MO_1095-capt-SI_5684-C19D0ACXX	0	0.0059018891818694175
MO_1095-poly-SI_5665-C19D0ACXX	0	0.003096338667468533
MO_1096-capt-SI_5685-C19D0ACXX	0	0.018857442754853414
MO_1097-capt-SI_5686-C19D0ACXX	0	0.0011166186186161245
MO_1097-poly-SI_5666-C19D0ACXX	0	0.0004965347539414124
MO_1098-capt-SI_5687-C19D0ACXX	0	0.009498472838221991
MO_1098-poly-SI_5667-C19D0ACXX	0	0.007434230860300146
MO_1099-capt-SI_5832-C19FGACXX	0	0.007281918260085346
MO_1099-poly-SI_5765-C19FGACXX	0	0.006976810677372366
MO_1100-capt-SI_7015-C26D8ACXX	0	0.019220774314737937
MO_1100-poly-SI_7007-D26P3ACXX	0	0.026780817777287993
MO_1102-capt-SI_5833-C19FGACXX	0	0.0010246306275704475
MO_1102-poly-SI_5854-C19KEACXX	0	0.0005755393792992949
MO_1106-capt-SI_5840-C19GBACXX	0	0.01889470836985158
MO_1106-poly-SI_5772-C19GBACXX	0	0.02862529929583819
MO_1107-capt-SI_5841-C19M0ACXX	0	0.0016027561369826736
MO_1107-poly-SI_5773-C19M0ACXX	0	0.0004746627763721339
MO_1108-capt-SI_6356-C1N0NACXX	0	0.008081863940293683
MO_1109-capt-SI_5896-C19M0ACXX	0	0.0014602936325852423
MO_1109-poly-SI_5869-C19M0ACXX	0	0.0020018135559045943
MO_1111-capt-SI_5897-D1DPVACXX	0	0.008873144889304442
MO_1111-poly-SI_5870-D1DPVACXX	0	0.010536833549057817
MO_1112-capt-SI_6071-D1EC1ACXX	0	0.006617307922466784
MO_1114-capt-SI_6072-D1EBFACXX	0	0.0002840887623451253
MO_1114-poly-SI_6059-D1EBFACXX	0	0.0005615696627014991
MO_1116-capt-SI_6073-D1EBFACXX	0	0.0017413828195063663
MO_1116-poly-SI_6060-D1EBFACXX	0	0.002205977535438472
MO_1117-capt-SI_7207-D27AFACXX	0	0.00578453105824434
MO_1117-poly-SI_7200-D27AFACXX	0	0.006652040622086435
MO_1118-capt-SI_6074-D1EC1ACXX	0	0.0006893371450957471
MO_1118-poly-SI_6061-D1EC1ACXX	0	0.0002802744522696021
MO_1119-capt-SI_6075-D1EC1ACXX	1	0.007048209087525933
MO_1119-poly-SI_6062-D1EC1ACXX	1	0.01354203950053461
MO_1123-poly-SI_6204-C1MR4ACXX	0	0.011900667791581955
MO_1124-capt-SI_6218-C1MR4ACXX	0	0.0035941223899781335
MO_1124-poly-SI_6271-C1MP5ACXX	0	0.002126098195704847
MO_1125-capt-SI_6219-C1MR4ACXX	0	0.0028311732533880148
MO_1125-poly-SI_6206-C1MR4ACXX	0	0.002252785629779914
MO_1126-capt-SI_6287-D1RTCACXX	0	0.002050615686622094
MO_1128-poly-SI_6209-D1RWDACXX	0	0.001932678000647563
MO_1129-capt-SI_6222-D1RWDACXX	0	0.00040567146712869003
MO_1130-capt-SI_6223-D1RWDACXX	0	0.003757832402173707
MO_1131-capt-SI_6227-D1RWDACXX	0	0.014637329014209359
MO_1131-poly-SI_6273-C1MP5ACXX	0	0.025451818045905183
MO_1132-capt-SI_6342-D1R6AACXX	0	0.012577961976847693
MO_1133-capt-SI_6228-D1RWDACXX	0	0.004560201817492238
MO_1133-poly-SI_6212-D1RWDACXX	0	0.004736958031104505
MO_1135-capt-SI_6230-D1RRKACXX	0	0.04091317044459924
MO_1135-poly-SI_6214-D1RRKACXX	0	0.07696597787265114
MO_1136-capt-SI_6231-D1RRKACXX	0	0.03004631881093072
MO_1136-poly-SI_6215-D1RRKACXX	0	0.03663848076465684
MO_1137-capt-SI_6232-D1RRKACXX	0	0.0197834437593172
MO_1138-capt-SI_6288-D1RTCACXX	0	0.005187712099775521
MO_1138-poly-SI_6274-D1RTCACXX	0	0.004500829109243444
MO_1140-capt-SI_6289-D1RTCACXX	0	0.024597410229160743
MO_1140-poly-SI_6275-D1RTCACXX	0	0.011366753342763687
MO_1141-capt-SI_6290-D1RTCACXX	0	0.006513833867793178
MO_1141-poly-SI_6276-D1RTCACXX	0	0.015051745826910214
MO_1146-capt-SI_6476-C1M1KACXX	0	0.011698189715668814
MO_1146-poly-SI_6458-C1M58ACXX	0	0.02107168764699969
MO_1147-capt-SI_6346-C1MY8ACXX	0	0.02713792725265127
MO_1147-poly-SI_6331-C1MY8ACXX	0	0.028065821293670593
MO_1148-capt-SI_6354-C1MY8ACXX	0	0.008550292763834962
MO_1148-poly-SI_6328-C1MY8ACXX	0	0.004598891065502416
MO_1149-capt-SI_6357-C1MY8ACXX	0	0.01122411189064141
MO_1152-capt-SI_6471-C1M1KACXX	0	0.003518229470922397
MO_1152-poly-SI_6453-C1M58ACXX	0	0.006429624974077722
MO_1153-capt-SI_6472-C1M1KACXX	0	0.0009079239445702944
MO_1153-poly-SI_6454-C1M58ACXX	0	0.0007484001676315452
MO_1155-capt-SI_6473-C1N5FACXX	0	0.02855566497908745
MO_1155-poly-SI_6455-C1M58ACXX	0	0.03157896047606881
MO_1157-capt-SI_6474-C1M1KACXX	0	0.0028801158866139692
MO_1157-poly-SI_6456-C1M58ACXX	0	0.010045771689785533
MO_1158-capt-SI_6565-D1RV8ACXX	0	0.008559372557895102
MO_1158-poly-SI_6553-D1RV8ACXX	0	0.019788594615435452
MO_1159-capt-SI_6477-C1M1KACXX	0	0.0010123636100864638
MO_1159-poly-SI_6459-C1N0NACXX	0	0.0004072894192217178
MO_1160-capt-SI_6478-C1M1KACXX	0	0.0024271712513928667
MO_1160-poly-SI_6460-C1N0NACXX	0	0.0032114909759396277
MO_1161-capt-SI_6566-D1RV8ACXX	0	0.0005039491048425225
MO_1161-poly-SI_6554-D1RV8ACXX	0	0.00027541184775499813
MO_1162-capt-SI_6567-D1RV8ACXX	0	0.002137691084033438
MO_1163-capt-SI_6568-D1RV8ACXX	0	0.0014501965258819575
MO_1163-poly-SI_6555-D1RV8ACXX	0	0.0013459087789899433
MO_1164-capt-SI_6569-D1RV8ACXX	1	0.03230931018595641
MO_1165-capt-SI_6570-D1RV8ACXX	0	0.034354393844916745
MO_1166-capt-SI_6571-D1RV8ACXX	0	0.01586476073103259
MO_1166-poly-SI_6556-D1RV8ACXX	0	0.07141787669828398
MO_1167-capt-SI_6652-H0V81ADXX	0	0.002754578700892172
MO_1168-capt-SI_6557-D1RV8ACXX	0	0.005742077683866088
MO_1170-capt-SI_6653-H0V81ADXX	0	0.0032411022518356028
MO_1171-capt-SI_6642-D21U5ACXX	0	0.006638852012346746
MO_1172-capt-SI_6639-D21U5ACXX	0	0.013813355405229572
MO_1172-poly-SI_6627-D21U5ACXX	0	0.02459496002422973
MO_1175-capt-SI_6640-H0V86ADXX	0	0.005766499015336828
MO_1175-poly-SI_6628-H0V86ADXX	0	0.007756719279286824
MO_1176-capt-SI_6698-H15U7ADXX	0	0.0008300796581132888
MO_1176-poly-SI_6848-H77NYADXX	0	0.000897025086952254
MO_1177-capt-SI_6699-H0UUFADXX	0	0.009130877210988745
MO_1178-capt-SI_6700-H0UUFADXX	0	0.0019010442430340273
MO_1178-poly-SI_6689-H0UUFADXX	0	0.004631686400784543
MO_1179-capt-SI_6701-H15U7ADXX	0	0.0009351631556348123
MO_1179-poly-SI_6690-H15U7ADXX	0	0.00852694108961231
MO_1180-capt-SI_6702-H0UUFADXX	0	0.012947606420562153
MO_1180-poly-SI_6691-H15U7ADXX	0	0.007484882743178029
MO_1181-capt-SI_6703-H77P1ADXX	0	0.04681783599187353
MO_1181-poly-SI_6692-H77P1ADXX	0	0.10580636283869498
MO_1182-capt-SI_6704-H77P2ADXX	0	0.006528414824962455
MO_1182-poly-SI_6693-H77P2ADXX	0	0.010848166601693276
MO_1183-capt-SI_6705-H77P1ADXX	0	0.028442761642685055
MO_1183-poly-SI_6694-H77P1ADXX	0	0.034952320127244495
MO_1184-capt-SI_6706-H77P2ADXX	0	0.007829558328919259
MO_1184-poly-SI_6695-H77P2ADXX	0	0.021560732163567752
MO_1185-capt-SI_6794-H77P5ADXX	0	0.00020878999402824844
MO_1185-poly-SI_6764-H77P6ADXX	0	2.3692417512910078e-05
MO_1187-capt-SI_6797-H77P7ADXX	0	0.00012303853986078133
MO_1187-poly-SI_6767-H77P7ADXX	0	0.001136856559920523
MO_1188-capt-SI_6798-C33JEACXX	0	0.0012145850869400723
MO_1188-poly-SI_6768-H77PAADXX	0	0.002187736901961074
MO_1189-capt-SI_6858-H77PAADXX	0	0.02384541341113259
MO_1189-poly-SI_6849-H77PAADXX	0	0.05597207663380242
MO_1190-capt-SI_6799-C2560ACXX	0	0.0004508280960898714
MO_1190-poly-SI_6769-H77PEADXX	0	0.00040390816032947135
MO_1192-capt-SI_6860-H77PFADXX	0	0.019085954719537775
MO_1192-poly-SI_6851-H77PFADXX	0	0.03527999325147476
MO_1193-capt-SI_6861-H77PRADXX	0	0.0030240798279739943
MO_1193-poly-SI_6852-H77PPADXX	0	0.003184343159282251
MO_1194-capt-SI_6862-H77PRADXX	0	0.006515779902507794
MO_1194-poly-SI_6853-H77PPADXX	0	0.011197800538523024
MO_1195-capt-SI_6863-H77PRADXX	0	0.0016482603187261138
MO_1195-poly-SI_6854-H77PRADXX	0	0.001334812564245266
MO_1196-capt-SI_6905-H77PPADXX	0	0.013593848559873866
MO_1196-poly-SI_6880-H77PPADXX	0	0.03249972938968574
MO_1197-capt-SI_6906-C2560ACXX	0	0.0017004768297292413
MO_1197-poly-SI_6881-H77T7ADXX	0	0.006765763552414277
MO_1198-capt-SI_6907-H77T7ADXX	0	0.003468865312036629
MO_1198-poly-SI_6882-H77T9ADXX	0	0.017194304832361767
MO_1200-capt-SI_6936-C2560ACXX	0	0.01726180430443647
MO_1200-poly-SI_6932-C2560ACXX	0	0.011044762603905222
MO_1201-capt-SI_6937-D27KTACXX	0	0.00396295650801423
MO_1202-capt-SI_7596-D2GFBACXX	0	0.00046001763981404984
MO_1202-poly-SI_7585-D2GFBACXX	0	0.0007254782766926743
MO_1203-capt-SI_6938-D27KTACXX	0	0.10921757452459288
MO_1203-poly-SI_6933-D27KTACXX	0	0.117503581577319
MO_1204-capt-SI_6939-D27KTACXX	0	0.00506121228766046
MO_1206-capt-SI_6969-C26D0ACXX	0	0.012139734117818579
MO_1206-poly-SI_6951-C26D0ACXX	0	0.00551663563480429
MO_1208-capt-SI_6970-C26D0ACXX	0	0.0282312820752965
MO_1208-poly-SI_6952-C26D0ACXX	0	0.005943630509415066
MO_1209-capt-SI_6971-C26D0ACXX	0	0.012456805436308258
MO_1209-poly-SI_6953-C26D0ACXX	0	0.017414867105359583
MO_1210-capt-SI_6981-C24VEACXX	0	0.011900542971022105
MO_1210-poly-SI_6976-C24VEACXX	0	0.03185274488262939
MO_1211-capt-SI_6982-C24VEACXX	0	0.0017170195652702234
MO_1211-poly-SI_6977-C24VEACXX	0	0.0037662396546575155
MO_1213-capt-SI_7016-C26CMACXX	0	0.0019364705184174349
MO_1213-poly-SI_7008-C26CMACXX	0	0.0018395078976268149
MO_1214-capt-SI_7017-C26CMACXX	0	0.007031409962233551
MO_1214-poly-SI_7009-C26CMACXX	0	0.007750332772015755
MO_1215-capt-SI_7018-C26CMACXX	0	0.007783804691050538
MO_1215-poly-SI_7010-C26CMACXX	0	0.025771854343317673
MO_1217-capt-SI_7072-C267GACXX	0	0.0034499067246682663
MO_1217-poly-SI_7067-C267GACXX	0	0.006451107628417178
MO_1219-capt-SI_7073-C267GACXX	0	0.0005604486925782103
MO_1219-poly-SI_7068-C267GACXX	0	9.987608802637641e-05
MO_1220-capt-SI_7074-C267GACXX	0	0.00746539328024995
MO_1220-poly-SI_7069-C267GACXX	0	0.003022929619197684
MO_1221-capt-SI_7075-C267GACXX	0	0.05764438535532833
MO_1221-poly-SI_7070-C267GACXX	0	0.0014366914551954058
MO_1222-capt-SI_7124-C25YLACXX	0	0.007256332393027179
MO_1222-poly-SI_7109-C25YLACXX	0	0.007496832808460471
MO_1223-capt-SI_7125-C25YLACXX	0	0.017162903239110034
MO_1223-poly-SI_7110-C25YLACXX	0	0.007303633873311351
MO_1224-capt-SI_7126-C25YLACXX	0	0.012264659259472994
MO_1224-poly-SI_7111-C25YLACXX	0	0.00987202321099589
MO_1226-capt-SI_7129-C25YLACXX	0	0.07947299180283521
MO_1226-poly-SI_7114-C25YLACXX	0	0.058366670266972266
MO_1227-capt-SI_7130-C25YLACXX	0	0.0031782508551573495
MO_1227-poly-SI_7115-C25YLACXX	0	0.003668101482079709
MO_1228-capt-SI_7131-C25YLACXX	0	0.02816808713539286
MO_1228-poly-SI_7116-C25YLACXX	0	0.01725622531143713
MO_1229-capt-SI_7132-C25UAACXX	0	0.07209928896252799
MO_1230-capt-SI_7133-C25UAACXX	0	0.0007830732468051247
MO_1230-poly-SI_7117-C25UAACXX	0	0.0007729867670580165
MO_1231-capt-SI_7189-D27AFACXX	0	0.007473492008961819
MO_1231-poly-SI_7184-D27AFACXX	0	0.0029743494177123663
MO_1232-capt-SI_7134-C25UAACXX	0	0.01653732079736088
MO_1232-poly-SI_7118-C25UAACXX	0	0.026869157222061582
MO_1233-capt-SI_7135-C25UAACXX	0	0.023078040064239955
MO_1233-poly-SI_7119-C25UAACXX	0	0.03321115575391024
MO_1236-capt-SI_7208-C245WACXX	0	0.007695804844178142
MO_1236-poly-SI_7201-C245WACXX	0	0.0049271122830221725
MO_1237-capt-SI_7190-C245WACXX	0	0.003744713695389024
MO_1237-poly-SI_7185-C245WACXX	0	0.004940271112979332
MO_1239-capt-SI_7209-C245WACXX	0	0.0002650096089009194
MO_1239-poly-SI_7202-C245WACXX	0	0.0009654732204956395
MO_1240-capt-SI_7210-C245WACXX	0	0.0008175214219156148
MO_1241-capt-SI_7212-C245WACXX	0	0.0013228826098719163
MO_1241-poly-SI_7203-C245WACXX	0	0.0005192865309321124
MO_1244-capt-SI_7263-C25YAACXX	0	0.00028299862062981
MO_1244-poly-SI_7233-C25YAACXX	0	0.0003007168699330061
MO_1245-capt-SI_7264-C25YAACXX	0	0.005675109747342872
MO_1245-poly-SI_7234-C25YAACXX	0	0.012242045824082937
MO_1247-capt-SI_7265-C25YAACXX	0	0.0008677278156545482
MO_1247-poly-SI_7235-C25YAACXX	0	0.000580018463383042
MO_1248-capt-SI_7266-D2GEDACXX	0	0.009076051567230878
MO_1248-poly-SI_7236-D2GEDACXX	0	0.010774146904069543
MO_1249-capt-SI_7267-D2GEDACXX	0	0.006943426316172069
MO_1249-poly-SI_7237-D2GEDACXX	0	0.005630117816492398
MO_1250-capt-SI_7353-D2GK3ACXX	0	0.040596304514807044
MO_1250-poly-SI_7300-D2GK3ACXX	0	0.07275193588342581
MO_1251-capt-SI_7544-C2G8GACXX	0	0.16073787793410496
MO_1251-poly-SI_7541-C2G8GACXX	0	0.22721205822393906
MO_1252-capt-SI_7355-C2G13ACXX	0	0.002029510504297873
MO_1252-poly-SI_7301-D2GK3ACXX	0	0.003630289589257681
MO_1253-capt-SI_8631-C5A4VACXX	0	0.013835758593494202
MO_1253-poly-SI_8609-C5A4VACXX	0	0.00936977915661841
MO_1256-capt-SI_7402-D2GA6ACXX	0	0.004453702546702636
MO_1256-poly-SI_7396-D2GA6ACXX	0	0.013468012780850544
MO_1260-capt-SI_7403-D2GA6ACXX	0	0.001673135157611381
MO_1260-poly-SI_7397-D2GA6ACXX	0	0.00395532815024945
MO_1262-capt-SI_7404-C2GDFACXX	0	2.9802983198089313e-05
MO_1262-poly-SI_7398-C2GDFACXX	0	0.0004593695176181138
MO_1263-capt-SI_7405-D2GA6ACXX	0	0.0022011086329853775
MO_1264-capt-SI_7451-C2G6HACXX	0	0.006729199806290241
MO_1264-poly-SI_7447-C2G6HACXX	0	0.011239912962837644
MO_1265-capt-SI_7545-C2G8GACXX	0	0.00029477178249439164
MO_1265-poly-SI_7542-C2G8GACXX	0	0.00020650053396756608
MO_1266-capt-SI_7570-C2G8GACXX	0	0.005226908327057935
MO_1266-poly-SI_7558-C2G8GACXX	0	0.0074272423478087225
MO_1267-capt-SI_7571-C2GBYACXX	0	0.0031526021956519703
MO_1267-poly-SI_7559-C2GBYACXX	0	0.0032721439352431316
MO_1268-capt-SI_7572-C2GBYACXX	0	0.0011903981576345502
MO_1268-poly-SI_7560-C2GBYACXX	0	0.006494064092971348
MO_1269-capt-SI_7573-C2GBYACXX	0	0.00029382579187629555
MO_1269-poly-SI_7561-C2GBYACXX	0	0.0008608143301610162
MO_1271-capt-SI_7597-D2GFBACXX	0	0.002711043962727588
MO_1271-poly-SI_7586-D2GFBACXX	0	0.002084560882591011
MO_1272-capt-SI_7740-C32VAACXX	0	0.02903143983334886
MO_1274-capt-SI_7600-D2GFBACXX	0	0.003708970015306798
MO_1274-poly-SI_7588-D2GFBACXX	0	0.010675974122824144
MO_1276-capt-SI_7601-C2G5LACXX	0	0.014979855472973256
MO_1276-poly-SI_7589-C2G5LACXX	0	0.01867145112126218
MO_1277-capt-SI_7602-C2G5LACXX	0	0.0003116947954678726
MO_1277-poly-SI_7590-C2G5LACXX	0	0.0009118718113176123
MO_1278-capt-SI_7603-C2G5LACXX	0	0.008227876140581744
MO_1278-poly-SI_7591-C2G5LACXX	0	0.013262632660656193
MO_1279-capt-SI_7633-C2G5LACXX	0	0.01796554586631291
MO_1283-capt-SI_7657-D2GGHACXX	0	0.011083412165915341
MO_1283-poly-SI_7654-D2GGHACXX	0	0.017438372070253064
MO_1284-capt-SI_7658-D2GGHACXX	0	0.008373719246783673
MO_1284-poly-SI_7655-D2GGHACXX	0	0.015509163564681882
MO_1285-capt-SI_7659-D2GGHACXX	0	0.005200072336095203
MO_1285-poly-SI_7656-D2GGHACXX	0	0.018982829271127658
MO_1286-capt-SI_7685-C33JEACXX	0	0.006216738827863331
MO_1286-poly-SI_7678-C33JEACXX	0	0.007213395058223458
MO_1287-capt-SI_7686-C33JEACXX	0	0.00034416080237257413
MO_1287-poly-SI_7679-C33JEACXX	0	0.000773245913046615
MO_1288-capt-SI_7733-C32VAACXX	0	0.0049716171422962046
MO_1288-poly-SI_7729-C32VAACXX	0	0.009456519864671581
MO_1289-capt-SI_7734-C32VAACXX	0	0.00047381313563341066
MO_1289-poly-SI_7730-C32VAACXX	0	0.0005636286567284148
MO_1290-capt-SI_7735-C32VAACXX	0	0.0027036181764892937
MO_1290-poly-SI_7731-C32VAACXX	0	0.004592666283015068
MO_1292-capt-SI_7736-C32VAACXX	0	0.00123184287100795
MO_1292-poly-SI_7732-C32VAACXX	0	0.0021645389298307967
MO_1294-capt-SI_7777-C3L7FACXX	0	0.017864579667695793
MO_1294-poly-SI_7771-C3L7FACXX	0	0.029656557192166085
MO_1295-capt-SI_7874-C4CRLACXX	0	0.010338361988102347
MO_1295-poly-SI_7851-C4CRLACXX	0	0.004419423304424274
MO_1296-capt-SI_7845-C3Y81ACXX	0	0.0037925152495725594
MO_1296-poly-SI_7818-C3Y81ACXX	0	0.0035475630913970133
MO_1297-capt-SI_7846-C3Y81ACXX	0	0.007157457232967522
MO_1297-poly-SI_7819-C3Y81ACXX	0	0.013351072901717102
MO_1298-capt-SI_7847-C3Y81ACXX	0	0.04404604953730672
MO_1298-poly-SI_7820-C3Y81ACXX	0	0.05887724803957794
MO_1300-capt-SI_7948-C4DCWACXX	0	0.0023812606487231694
MO_1300-poly-SI_7941-C4DCWACXX	0	0.001490489323652417
MO_1301-capt-SI_7916-C4CRJACXX	1	0.010692204918469702
MO_1301-poly-SI_7880-C4CRLACXX	1	0.016692667078039472
MO_1302-capt-SI_8198-C4L32ACXX	0	0.001837486747393267
MO_1302-poly-SI_8209-C4L32ACXX	0	0.001043963952967529
MO_1304-capt-SI_7918-C4CRJACXX	0	0.009560736325094061
MO_1305-capt-SI_7919-C4CRJACXX	0	0.0005914650256092835
MO_1305-poly-SI_7882-C4CRLACXX	0	0.0005173653394271593
MO_1306-capt-SI_7920-C4CRJACXX	0	0.03357456759194755
MO_1306-poly-SI_7883-C4CRLACXX	0	0.01332362774246443
MO_1307-capt-SI_7921-C4CADACXX	0	0.001286146196626915
MO_1307-poly-SI_7884-C4CRLACXX	0	0.0009324766742776372
MO_1309-capt-SI_7949-C4DCWACXX	0	0.032932757423893136
MO_1309-poly-SI_7942-C4DCWACXX	0	0.030277320437521443
MO_1310-capt-SI_7950-C4DCWACXX	0	0.0026302279516588127
MO_1310-poly-SI_7943-C4DCWACXX	0	0.002272354877756685
MO_1312-capt-SI_7952-C4CW0ACXX	0	0.03530697470384577
MO_1312-poly-SI_7945-C4CW0ACXX	0	0.0318060260108437
MO_1313-capt-SI_7953-C475EANXX	0	0.03151244347257103
MO_1315-capt-SI_7992-C4CW0ACXX	0	0.02347882426627143
MO_1316-capt-SI_7993-C4CW0ACXX	0	0.0009863181906736962
MO_1316-poly-SI_7956-C4CW0ACXX	0	0.0013483462360779144
MO_1317-capt-SI_7994-C4CW0ACXX	0	0.00045076471122606153
MO_1317-poly-SI_7957-C475EANXX	0	0.0013528695639949597
MO_1318-capt-SI_7995-C4CW0ACXX	0	0.0009672374002010607
MO_1318-poly-SI_7958-C4CW0ACXX	0	0.0006873220744072727
MO_1319-capt-SI_8079-C4CUUACXX	0	0.0032348179969641164
MO_1319-poly-SI_8076-C4CUUACXX	0	0.006806469020048885
MO_1320-capt-SI_8080-C4CUUACXX	0	0.011625322305325885
MO_1320-poly-SI_8077-C4CUUACXX	0	0.0073291684276111865
MO_1322-capt-SI_8081-C4CUUACXX	0	0.023788568577643155
MO_1323-capt-SI_8128-C4E6CACXX	0	0.0036063313041824366
MO_1323-poly-SI_8122-C4E6CACXX	0	0.0030809967101247033
MO_1324-capt-SI_8129-C4E6CACXX	0	0.030522764018591542
MO_1324-poly-SI_8123-C4E6CACXX	0	0.046876515357672933
MO_1325-capt-SI_8160-C4JLUACXX	0	0.008299983474596451
MO_1325-poly-SI_8184-C4JLUACXX	0	0.010354704718678805
MO_1328-capt-SI_8162-C4JLUACXX	0	0.011225055499991617
MO_1328-poly-SI_8185-C4JLUACXX	0	0.0065227881638211145
MO_1329-capt-SI_8189-C4JLUACXX	0	0.06486897713208728
MO_1330-capt-SI_8190-C4JLUACXX	0	0.04668561286773488
MO_1330-poly-SI_8200-C4JLUACXX	0	0.03354040064685601
MO_1331-capt-SI_8243-C471RANXX	0	0.004414228087375693
MO_1331-poly-SI_8253-C471RANXX	0	0.0026172198247522054
MO_1333-capt-SI_8244-C471RANXX	0	0.02192795565941747
MO_1333-poly-SI_8254-C471RANXX	0	0.033576703153955584
MO_1335-capt-SI_8245-C471RANXX	0	0.015323330647628228
MO_1335-poly-SI_8255-C471RANXX	0	0.014502108955511584
MO_1336-capt-SI_8246-C471RANXX	0	0.0037012948433145735
MO_1336-poly-SI_8256-C471RANXX	0	0.0005999090489929315
MO_1337-capt-SI_8318-C46WVANXX	0	0.0014167733358142164
MO_1337-poly-SI_8294-C46WVANXX	0	0.001403640929436876
MO_1338-capt-SI_8319-C46WVANXX	0	0.0024248443682263923
MO_1338-poly-SI_8295-C46WVANXX	0	0.004751206067444631
MO_1339-capt-SI_8320-C46WVANXX	0	0.0022470623914175865
MO_1339-poly-SI_8296-C46WVANXX	0	0.003683132150532563
MO_1340-capt-SI_8633-C5A4VACXX	0	0.0007096251662060188
MO_1340-poly-SI_8610-C5A4VACXX	0	0.0003045301645334675
MO_1341-capt-SI_8321-C46WVANXX	0	0.03276346067000398
MO_1342-capt-SI_8385-C46LAANXX	0	0.0008543969840734333
MO_1342-poly-SI_8377-C46LAANXX	0	0.00019292297143114434
MO_1343-capt-SI_8462-C4L7VACXX	0	0.007868158993514372
MO_1344-capt-SI_8322-C46WVANXX	0	0.005200172405040843
MO_1344-poly-SI_8297-C46WVANXX	0	0.006242225381768658
MO_1345-capt-SI_8323-C46WVANXX	0	0.00862217569033126
MO_1345-poly-SI_8298-C46WVANXX	0	0.0022900215653586637
MO_1346-capt-SI_8387-C46LAANXX	0	0.03082965111420117
MO_1346-poly-SI_8379-C46LAANXX	0	0.05353689805524742
MO_1347-capt-SI_8388-C46LAANXX	0	0.0020615075414102263
MO_1347-poly-SI_8380-C46LAANXX	0	0.0068352626872089485
MO_1355-capt-SI_8457-C4L7VACXX	0	0.0024941362209256407
MO_1355-poly-SI_8430-C4L7VACXX	0	0.0008563888230555168
MO_1357-capt-SI_8458-C4L7VACXX	0	0.08311641505409817
MO_1357-poly-SI_8431-C4L7VACXX	0	0.2628964306802723
MO_1359-capt-SI_8460-C4L7VACXX	0	0.0013199665647892803
MO_1359-poly-SI_8433-C4L7VACXX	0	0.0011151391667925778
MO_1360-capt-SI_8461-C4KRYACXX	0	0.005234863217554607
MO_1360-poly-SI_8434-C4KRYACXX	0	0.007792125745332154
MO_1361-capt-SI_8554-C59M2ACXX	0	0.007303135918125312
MO_1361-poly-SI_8525-C59M2ACXX	0	0.0026414997670401296
MO_1363-capt-SI_8555-C59M2ACXX	0	0.007558614940562643
MO_1363-poly-SI_8526-C59M2ACXX	0	0.025010960476308203
MO_1364-capt-SI_8599-HAABDADXX	0	0.00104734229089126
MO_1364-poly-SI_8568-HAABDADXX	0	0.0014131820812473936
MO_1366-capt-SI_8601-HAA8NADXX	0	0.07295071584831202
MO_1366-poly-SI_8569-HAA8NADXX	0	0.11754000801420435
MO_1367-capt-SI_8602-HAABLADXX	0	0.06426130799837572
MO_1367-poly-SI_8570-HAABLADXX	0	0.041771244460897
MO_1369-capt-SI_8634-HAABFADXX	0	0.04563059643820029
MO_1369-poly-SI_8611-HAABFADXX	0	0.05098807810819153
MO_1370-capt-SI_8635-HAAAEADXX	0	0.0050310019376499536
MO_1370-poly-SI_8612-HAAAEADXX	0	0.005527326188716921
MO_1371-capt-SI_8636-HAA97ADXX	0	0.07975974499484181
MO_1371-poly-SI_8613-HAA97ADXX	0	0.11824103689185637
MO_1372-capt-SI_8637-HAABKADXX	0	0.003694344988975978
MO_1372-poly-SI_8614-HAABKADXX	0	0.00710260877023229
MO_1373-capt-SI_8654-C59PDACXX	0	0.05421505400278767
MO_1373-poly-SI_8640-C59PDACXX	0	0.07439089573844504
MO_1374-capt-SI_8694-C46V9ANXX	0	0.39877796827287626
MO_1374-poly-SI_8663-C46V9ANXX	0	0.5847470538993191
MO_1375-capt-SI_8638-HAAACADXX	0	0.009056257258362668
MO_1375-poly-SI_8615-HAAACADXX	0	0.008383662150116312
MO_1376-capt-SI_8655-HAA98ADXX	0	0.023600641476033385
MO_1376-poly-SI_8641-HAA98ADXX	0	0.03165392650073501
MO_1377-capt-SI_8656-C59PDACXX	0	0.005600612554736075
MO_1377-poly-SI_8642-C59PDACXX	0	0.01884352372790389
MO_1378-capt-SI_8657-C59PDACXX	0	0.0036304514484863186
MO_1378-poly-SI_8643-C59PDACXX	0	0.002112368096353932
MO_1379-capt-SI_8695-C46V9ANXX	0	0.004758519589601686
MO_1379-poly-SI_8664-C46V9ANXX	0	0.005976260316870586
MO_1380-capt-SI_8696-C46V9ANXX	0	0.015285648505060041
MO_1380-poly-SI_8665-C46V9ANXX	0	0.023641533494375783
MO_1381-capt-SI_8697-C46V9ANXX	0	0.055114619002729175
MO_1382-capt-SI_8698-C46V9ANXX	0	0.004388409986325611
MO_1382-poly-SI_8666-C46V9ANXX	0	0.002588919822369674
MO_1383-capt-SI_8699-C5AD4ACXX	0	0.017025188441508184
MO_1384-capt-SI_8721-C46NFANXX	0	0.005451755162319198
MO_1384-poly-SI_8706-C46NFANXX	0	0.005245144118690339
MO_1385-capt-SI_8762-C4733ANXX	0	0.0032865366535265467
MO_1386-capt-SI_8763-C4018ANXX	0	0.09265126796492455
MO_1386-poly-SI_8760-C4733ANXX	0	0.1354260212865461
MO_1387-capt-SI_8841-C4730ANXX	0	0.00011049696188789912
MO_1388-capt-SI_8842-C4730ANXX	1	0.7406839361523273
MO_1388-poly-SI_8818-C4730ANXX	1	0.6448225547269699
MO_1390-capt-SI_8947-C46BDANXX	1	0.009385471010140258
MO_1390-poly-SI_8930-HA905ADXX	1	0.005034687853081709
MO_1391-capt-SI_8843-C4730ANXX	0	0.025335612554771233
MO_1391-poly-SI_8819-C4730ANXX	0	0.11038813799556924
MO_1393-capt-SI_8845-C4730ANXX	0	0.009886789539380575
MO_1393-poly-SI_8821-C4730ANXX	0	0.0176238181568049
MO_1394-capt-SI_8846-C4730ANXX	0	0.03377884602542437
MO_1394-poly-SI_8822-C4730ANXX	0	0.053337139494141976
MO_1395-capt-SI_8847-C472VANXX	0	0.02607394390853665
MO_1395-poly-SI_8823-C472VANXX	0	0.029626407947784934
MO_1396-capt-SI_8977-C472MANXX	0	0.036598647109385395
MO_1397-capt-SI_8886-C4739ANXX	0	0.02814209873872393
MO_1399-capt-SI_8888-C470TANXX	0	0.10407310495531069
MO_1400-capt-SI_8889-C470TANXX	0	0.0073156259394946245
MO_1400-poly-SI_8861-C470TANXX	0	0.007450957790850694
MO_1402-capt-SI_9128-C46PDANXX	0	0.04601941580346815
MO_1403-capt-SI_8973-C472MANXX	0	0.05569258758672298
MO_1404-capt-SI_8974-C472MANXX	0	0.026669190588465796
MO_1404-poly-SI_8962-C472MANXX	0	0.02574511150895622
MO_1407-capt-SI_9049-C472BANXX	0	0.0027538932863270874
MO_1407-poly-SI_8979-C472BANXX	0	0.00757326563424709
MO_1408-capt-SI_9474-C5N19ANXX	0	0.004866280681574913
MO_1408-poly-SI_9468-C5N19ANXX	0	0.006082843797683025
MO_1410-capt-SI_9124-C4NPJANXX	0	0.006559608185244795
MO_1410-poly-SI_9074-C46PDANXX	0	0.004419962929896004
MO_1411-capt-SI_9312-C5N2AANXX	0	0.020014411520592672
MO_1411-poly-SI_9307-HAKK6ADXX	0	0.010920751947942089
MO_1412-capt-SI_9225-C4R00ANXX	0	0.02406778726478018
MO_1412-poly-SI_9190-C4R00ANXX	0	0.04037778976442678
MO_1415-capt-SI_9227-C4R00ANXX	0	0.01638097066645407
MO_1415-poly-SI_9192-C4R00ANXX	0	0.01747940455700555
MO_1416-capt-SI_9228-C4R00ANXX	0	0.004033991087562882
MO_1416-poly-SI_9193-C4R00ANXX	0	0.0022238201830663868
MO_1418-capt-SI_9313-C5N2AANXX	0	0.008534369858173584
MO_1418-poly-SI_9308-HAKJHADXX	0	0.007624860289731744
MO_1419-capt-SI_9280-C5MMMANXX	0	0.017241688313802715
MO_1419-poly-SI_9273-C5MMMANXX	0	0.04032567441129758
MO_1420-capt-SI_9314-C5N2AANXX	0	0.0003112181028006645
MO_1420-poly-SI_9309-C5N2AANXX	0	3.330926726665679e-05
MO_1421-capt-SI_9315-C5N2AANXX	0	0.013623262275866603
MO_1421-poly-SI_9310-C5N2AANXX	0	0.042561429383628196
MO_1423-capt-SI_9380-C5N1GANXX	0	0.012258925369166566
MO_1423-poly-SI_9375-C5N1GANXX	0	0.023049210184980178
MO_1424-capt-SI_9381-C5N1GANXX	0	0.0009747419915190861
MO_1424-poly-SI_9376-C5N1GANXX	0	0.0005416942726285671
MO_1425-capt-SI_9475-C5N19ANXX	0	0.000464881420159954
MO_1425-poly-SI_9469-C5N19ANXX	0	0.0012554917912750048
MO_1426-capt-SI_9476-C5N19ANXX	1	0.1694167216320141
MO_1426-poly-SI_9470-C5N19ANXX	1	0.17666663762863544
MO_1427-capt-SI_9477-C5N19ANXX	0	0.0023120487885508814
MO_1427-poly-SI_9471-C5N19ANXX	0	0.003344712628795243
MO_1428-capt-SI_9605-C5MGWANXX	0	0.023032096874365242
MO_1428-poly-SI_9579-C5MGWANXX	0	0.03309299546053138
MO_1433-capt-SI_9688-C5N0MANXX	0	0.011097388508206827
MO_1433-poly-SI_9663-C5N0MANXX	0	0.02156723221142964
MO_1434-capt-SI_9689-C5N0MANXX	0	0.005590987771609578
MO_1434-poly-SI_9664-C5N0MANXX	0	0.00860406862627177
MO_1435-capt-SI_9690-C5N0MANXX	0	0.00036211952542128677
MO_1435-poly-SI_9665-C5N0MANXX	0	0.0013275102642442374
MO_1437-capt-SI_9691-C5N0MANXX	0	0.0027013735869177223
MO_1437-poly-SI_9666-C5N0MANXX	0	0.002482834523216475
MO_1438-capt-SI_9866-C67VYANXX	0	0.03808174338163894
MO_1438-poly-SI_9862-C67VYANXX	0	0.05973867761284071
MO_1439-capt-SI_9741-C5N0KANXX	0	0.06790102755886393
MO_1439-poly-SI_9737-C5N0KANXX	0	0.0583347226124261
MO_1442-capt-SI_9806-C5N31ANXX	0	0.001853546078535958
MO_1442-poly-SI_9791-C5N31ANXX	0	0.007986882111336708
MO_1443-capt-SI_9798-C5N31ANXX	0	0.014643884594145697
MO_1444-capt-SI_9807-C5N31ANXX	0	0.000807359314435793
MO_1444-poly-SI_9792-C5N31ANXX	0	0.000829401543674446
MO_1446-capt-SI_9867-C67VYANXX	0	0.08785607986510977
MO_1446-poly-SI_9863-C67VYANXX	0	0.008537170124239378
MO_1447-capt-SI_9808-C5N31ANXX	0	0.0010727921392747928
MO_1447-poly-SI_9793-C5N31ANXX	0	0.0008149012634163925
MO_1448-capt-SI_9809-C5N31ANXX	0	0.018473133308435266
MO_1448-poly-SI_9794-C5N31ANXX	0	0.011697083156794073
MO_1449-capt-SI_9810-C5N31ANXX	0	0.0323433612541234
MO_1449-poly-SI_9795-C5N31ANXX	0	0.04445427762383193
MO_1452-capt-SI_9868-C67VYANXX	0	0.023292151698670334
MO_1452-poly-SI_9864-C67VYANXX	0	0.03161840952536454
MO_1453-capt-SI_9939-C6EJUANXX	0	0.010428149727037442
MO_1453-poly-SI_9918-C6EJUANXX	0	0.010243324467805579
MO_1454-capt-SI_9940-C6EJUANXX	0	0.001481820110192347
MO_1454-poly-SI_9919-C6EJUANXX	0	0.0015497489364022603
MO_1455-capt-SI_9989-C6EL5ANXX	0	0.0008424773299922645
MO_1455-poly-SI_9985-C6EL5ANXX	0	0.00032825387323170816
MO_1458-capt-SI_9990-C6EL5ANXX	0	0.0066031284329664845
MO_1458-poly-SI_9986-C6EL5ANXX	0	0.010659127686022493
MO_1459-capt-SI_9991-C6EL5ANXX	0	0.029129844682489844
MO_1459-poly-SI_9987-C6EL5ANXX	0	0.018918709257446042
MO_1460-capt-SI_9992-C6EL5ANXX	0	0.001550914021966925
MO_1460-poly-SI_9988-C6EL5ANXX	0	0.0015636129116807314
MO_1462-capt-SI_10150-C6EHCANXX	0	0.054841666535373465
MO_1462-poly-SI_10140-C6EHCANXX	0	0.031062055363963094
MO_1464-capt-SI_10257-C6EJEANXX	0	0.02137416742927097
MO_1464-poly-SI_10255-HBGT3ADXX	0	0.011865189852351347
MO_1465-capt-SI_10326-C6EHAANXX	1	0.6653357846689243
MO_1466-capt-SI_10328-C6EHAANXX	0	0.004704295968838113
MO_1466-poly-SI_10308-C6EHAANXX	0	0.0027866729402488055
MO_1469-capt-SI_10331-C6EHAANXX	0	0.024107095348573367
MO_1469-poly-SI_10311-C6EHAANXX	0	0.025370381319758224
MO_1472-capt-SI_10663-C6UPRANXX	0	0.004717177183419605
MO_1472-poly-SI_10658-C6UPRANXX	0	0.010650251788329576
MO_1473-capt-SI_10611-C6JKTANXX	0	0.005591159908372144
MO_1474-capt-SI_10595-C6JKTANXX	0	0.023986710557155295
MO_1475-capt-SI_10740-C6UUJANXX	0	0.06300042371428764
MO_1476-capt-SI_10664-C6UPRANXX	0	0.011518688770818743
MO_1476-poly-SI_10659-C6UPRANXX	0	0.04240255374142097
MO_1477-capt-SI_10665-C6UPRANXX	0	0.0010504930615703836
MO_1477-poly-SI_10660-C6UPRANXX	0	0.003191506491541204
MO_1478-capt-SI_10741-C6UUJANXX	0	0.0009385251436292998
MO_1479-capt-SI_10783-C6UV0ANXX	0	0.0028359738309310222
MO_1479-poly-SI_10778-C6UV0ANXX	0	0.004180360402056496
MO_1480-capt-SI_10784-C6UV0ANXX	0	0.003642705897285415
MO_1480-poly-SI_10779-C6UV0ANXX	0	0.0009020248675502943
MO_1481-capt-SI_10785-C6UV0ANXX	0	0.07273848399392281
MO_1482-capt-SI_11775-C7G8TANXX	0	0.0023998218220750013
MO_1482-poly-SI_11763-C7G8TANXX	0	0.004424621534026615
MO_1483-capt-SI_10858-C6URJANXX	0	0.14554493071843252
MO_1483-poly-SI_10841-C6URJANXX	0	0.16810259718377055
MO_1484-capt-SI_10926-C6V1TANXX	0	0.5068944871314606
MO_1485-capt-SI_10921-C6V1TANXX	0	0.028286785656269114
MO_1485-poly-SI_10916-C6V1TANXX	0	0.005307437406536627
MO_1486-capt-SI_10984-C6UWKANXX	0	0.00976527992876779
MO_1486-poly-SI_10983-C6UWKANXX	0	0.008873476724693801
MO_1487-capt-SI_11008-C6T3EANXX	0	0.012290311866578824
MO_1487-poly-SI_11000-C6T3EANXX	0	0.014645997980492076
MO_1488-capt-SI_11009-C6T3EANXX	0	0.024747673676563612
MO_1488-poly-SI_11001-C6T3EANXX	0	0.022971347119455334
MO_1489-capt-SI_11010-C6T3EANXX	0	0.006509979126417091
MO_1489-poly-SI_11002-C6T3EANXX	0	0.006015357913339275
MO_1490-capt-SI_11088-C6PF4ANXX	0	0.004440216452428611
MO_1491-capt-SI_11084-C6PF4ANXX	0	0.00715721927907409
MO_1491-poly-SI_11080-C6PF4ANXX	0	0.01315939600257454
MO_1492-capt-SI_11085-HKM5WADXX	0	0.00442528854829871
MO_1492-poly-SI_11081-HKM5WADXX	0	0.001406974070258239
MO_1493-capt-SI_11089-C6T5LANXX	0	0.005657732630486827
MO_1494-capt-SI_11086-C6T5LANXX	0	0.011842510317604017
MO_1494-poly-SI_11082-C6PF4ANXX	0	0.008224364321831757
MO_1495-capt-SI_11221-C6UTYANXX	0	0.0009096905357542026
MO_1495-poly-SI_11204-C6UYMANXX	0	0.0004925799671541641
MO_1496-capt-SI_11307-C6V1BANXX	0	0.002499442142241695
MO_1496-poly-SI_11298-C6V1BANXX	0	0.0012684875189821784
MO_1499-capt-SI_11315-C6V1BANXX	0	0.0029944798905714655
MO_1500-capt-SI_11308-C6V1BANXX	0	0.021478139903730074
MO_1500-poly-SI_11299-C6V1BANXX	0	0.023829260156953014
MO_1502-capt-SI_11309-C6UY8ANXX	0	0.0407406709664284
MO_1502-poly-SI_11300-C6UY8ANXX	0	0.029746624708366722
MO_1503-capt-SI_11316-C6UY8ANXX	0	0.05756633406157384
MO_1506-capt-SI_11423-HV75LADXX	0	0.0053827111854292085
MO_1507-capt-SI_11424-C6UY8ANXX	0	0.001820498861297816
MO_1509-capt-SI_11425-HV7YWADXX	0	0.011686575442026104
MO_1510-capt-SI_11368-C6UVMANXX	0	0.0023303027952556905
MO_1510-poly-SI_11361-C6UVMANXX	0	0.0012483058568769953
MO_1511-capt-SI_11382-C6UVMANXX	0	0.006764430613950219
MO_1511-poly-SI_11362-C6UVMANXX	0	0.0034558817993050875
MO_1513-capt-SI_11383-HVGHMADXX	0	0.0006095115643662477
MO_1514-capt-SI_11384-C6UVMANXX	0	0.007260861370830366
MO_1514-poly-SI_11363-C6UVMANXX	0	0.004275272892220719
MO_1515-capt-SI_11438-HV7JNADXX	0	0.003437148054171076
MO_1515-poly-SI_11431-HVGHMADXX	0	0.002062299134886439
MO_1516-capt-SI_11439-HV7JNADXX	0	0.0007023279196070542
MO_1516-poly-SI_11432-HVGHMADXX	0	0.00026136581884651474
MO_1517-capt-SI_11440-C6UVMANXX	0	0.0021200903612637752
MO_1518-capt-SI_11513-C7A2UANXX	0	0.0072985286027907135
MO_1518-poly-SI_11476-C7A2UANXX	0	0.008172683604414465
MO_1520-capt-SI_11518-C7A2UANXX	0	0.020445950845193774
MO_1521-capt-SI_11539-C7GBMANXX	0	0.0007652247783291791
MO_1521-poly-SI_11530-C7GBMANXX	0	0.0011054406349238312
MO_1522-capt-SI_11540-C7GBMANXX	0	0.013203987154317991
MO_1522-poly-SI_11531-C7GBMANXX	0	0.01880483872786201
MO_1524-capt-SI_11625-C7G67ANXX	0	0.008669122582656794
MO_1525-capt-SI_11626-C7G67ANXX	0	0.08090878376535933
MO_1527-capt-SI_11627-C7G67ANXX	0	0.011711800215402161
MO_1528-capt-SI_11541-C7GBMANXX	0	0.002179345828901151
MO_1528-poly-SI_11532-C7GBMANXX	0	0.0009656778512913168
MO_1529-capt-SI_11729-C7G60ANXX	0	0.017773791885264546
MO_1529-poly-SI_11687-C7G60ANXX	0	0.09212743986412245
MO_1530-capt-SI_11730-C7G60ANXX	0	0.04022774254736327
MO_1530-poly-SI_11688-C7G60ANXX	0	0.04553312012027622
MO_1532-capt-SI_11826-C7F4VANXX	0	0.024324942028203466
MO_1533-capt-SI_11827-C7F4VANXX	0	0.0002389438815533392
MO_1534-capt-SI_11904-C7F4VANXX	0	0.0018330577728131099
MO_1536-capt-SI_11944-C7G8DANXX	0	0.011244220305886028
MO_1537-capt-SI_12026-C7FVYANXX	0	0.013052967190852374
MO_1540-capt-SI_12051-H53C5ADXX	0	0.004100452933585335
MO_1541-capt-SI_12052-H53C5ADXX	0	0.00012776684646583283
MO_1542-capt-SI_12053-H53CHADXX	0	0.006211865545601988
MO_1543-capt-SI_12054-C7FVAANXX	0	0.0025748399158300565
MO_1547-capt-SI_12195-C7FVAANXX	0	0.008191966778245604
MO_1550-capt-SI_12296-H523KADXX	0	0.005215878358404946
MO_1551-capt-SI_12338-C7FN8ANXX	0	0.003831025266384705
MO_1552-capt-SI_12339-H523TADXX	0	0.014860339196328986
MO_1553-capt-SI_12340-C7FN8ANXX	0	0.0019301931002950585
MO_1555-capt-SI_12341-H523TADXX	0	0.014169034313647891
MO_1556-capt-SI_12473-C7G91ANXX	0	0.001247732005882288
MO_1556-poly-SI_12472-C7G91ANXX	0	0.0006266355440739881
MO_1557-capt-SI_12474-C7G91ANXX	0	0.005960804555634153
MO_1558-capt-SI_12475-C7G91ANXX	0	0.02779340222786215
MO_1562-capt-SI_12573-H3Y7YADXX	0	0.004704087723563925
MO_1563-capt-SI_12574-H3ML5ADXX	0	0.08053952732552379
TP_2001-capt-SI_5688-C19FAACXX	0	0.0020957043902126767
TP_2001-poly-SI_5668-C19FAACXX	0	0.001310105346827019
TP_2002-capt-SI_6135-D1RGBACXX	0	9.628668675355427e-05
TP_2002-poly-SI_6125-D1RGBACXX	0	9.322931199286694e-05
TP_2004-capt-SI_5851-C19GBACXX	0	0.006358743846646981
TP_2004-poly-SI_5780-C19GBACXX	0	3.180061380400272e-05
TP_2008-capt-SI_5933-D1E1PACXX	0	0.01912970266611213
TP_2009-capt-SI_5939-D1E1PACXX	0	0.009225337835292637
TP_2009-poly-SI_5924-D1E1PACXX	0	0.00950437512572193
TP_2010-capt-SI_5900-C19L8ACXX	0	0.0035870558055071883
TP_2010-poly-SI_5873-C19L8ACXX	0	0.00592400088852816
TP_2011-capt-SI_5901-C19L8ACXX	0	0.05720539538462922
TP_2011-poly-SI_5874-C19L8ACXX	0	0.04594672083789424
TP_2013-capt-SI_5934-D1E4KACXX	0	0.0163579349533142
TP_2013-poly-SI_5920-D1E4KACXX	0	0.014664869641120135
TP_2014-capt-SI_5940-D1E2BACXX	0	0.016842547525659127
TP_2014-poly-SI_5925-D1E2BACXX	0	0.019935471730260196
TP_2015-capt-SI_6027-D1E7VACXX	0	0.05423335882566021
TP_2016-capt-SI_5943-D1E2BACXX	0	0.004815711115607056
TP_2016-poly-SI_5927-D1E2BACXX	0	0.011905614834714019
TP_2017-capt-SI_5935-D1E2BACXX	0	0.027644865664835715
TP_2017-poly-SI_5921-D1E2BACXX	0	0.021659935457048862
TP_2018-capt-SI_5936-H09HYADXX	0	0.015305308394768026
TP_2018-poly-SI_5922-H09HYADXX	0	0.021125604350983096
TP_2019-capt-SI_5937-D1E2BACXX	0	0.006450795453190068
TP_2019-poly-SI_5923-D1E2BACXX	0	0.005542598191096975
TP_2020-capt-SI_6344-C1MM1ACXX	0	0.0005772425478603784
TP_2020-poly-SI_6321-C1MM1ACXX	0	0.000278091732665901
TP_2021-capt-SI_6020-D1EBEACXX	0	0.0033045936965650988
TP_2021-poly-SI_6008-D1EBEACXX	0	0.0031869490120552185
TP_2023-capt-SI_6021-D1EBEACXX	0	0.10280984341959103
TP_2023-poly-SI_6009-D1EBEACXX	0	0.018788646564014688
TP_2024-capt-SI_6022-D1EBEACXX	0	0.0024527885419571745
TP_2024-poly-SI_6010-D1EBEACXX	0	0.0015889987414596234
TP_2025-capt-SI_6023-D1EBEACXX	0	0.0003803642382186374
TP_2025-poly-SI_6011-D1EBEACXX	0	0.0016627558903263538
TP_2027-capt-SI_6083-D1EBTACXX	0	0.033995731487283444
TP_2027-poly-SI_6066-D1EBTACXX	0	0.11830770651142669
TP_2028-capt-SI_6025-D1EBFACXX	0	0.0009794828918686443
TP_2028-poly-SI_6013-D1EBFACXX	0	0.00023661290262511493
TP_2029-capt-SI_6134-D1RGBACXX	0	0.01423582103671872
TP_2029-poly-SI_6124-D1RGBACXX	0	0.030572644043180275
TP_2032-capt-SI_6351-C1MM1ACXX	0	0.010391812126520605
TP_2032-poly-SI_6325-C1MM1ACXX	0	0.020477552721745288
TP_2034-capt-SI_6573-D1PYGACXX	0	0.004520800058193221
TP_2037-capt-SI_6791-H77P6ADXX	0	0.017456032013926467
TP_2038-capt-SI_6707-H0UUFADXX	0	0.017928001441494583
TP_2038-poly-SI_6696-H0UUFADXX	0	0.022290888004920597
TP_2042-capt-SI_7076-C2560ACXX	0	0.09797766167306368
TP_2043-capt-SI_7127-D27KNACXX	0	0.02190942875747045
TP_2043-poly-SI_7112-D27KNACXX	0	0.02018855584448016
TP_2047-capt-SI_7358-H80YAADXX	0	0.029234572704276277
TP_2047-poly-SI_7305-H80YAADXX	0	0.050484697213411825
TP_2050-capt-SI_11267-C6UPNANXX	0	0.01562542087197248
TP_2052-capt-SI_7782-C3L7FACXX	0	0.0426336893316897
TP_2052-poly-SI_7776-C3L7FACXX	0	0.12256785085164133
TP_2054-capt-SI_7848-C3Y81ACXX	0	0.005742682571901121
TP_2054-poly-SI_7821-C3Y81ACXX	0	0.005583529544222727
TP_2055-capt-SI_7922-C4CADACXX	1	0.008312856082338902
TP_2055-poly-SI_7885-C4CF9ACXX	1	0.028480929597404055
TP_2056-capt-SI_8194-C4K88ACXX	1	0.687851660785133
TP_2056-poly-SI_8205-C4K88ACXX	1	0.8104184993914636
TP_2058-capt-SI_8324-C46WVANXX	0	0.0014480763855091174
TP_2058-poly-SI_8299-C46WVANXX	0	0.0013086009369599825
TP_2059-capt-SI_8390-C46LAANXX	0	0.001040676450019024
TP_2059-poly-SI_8382-C46LAANXX	0	0.0004745464635923705
TP_2060-capt-SI_8398-C4L1DACXX	0	0.0008081712554908073
TP_2060-poly-SI_8407-C4JU8ACXX	0	0.002424653677413354
TP_2061-capt-SI_8399-H9TEBADXX	0	0.07659536644219442
TP_2061-poly-SI_8408-H9TEBADXX	0	0.08504215751009084
TP_2064-capt-SI_8556-C59M0ACXX	0	0.0016831850930318331
TP_2064-poly-SI_8527-C59M0ACXX	0	0.0004815213688622653
TP_2065-capt-SI_8950-C46BDANXX	1	0.8127523852331128
TP_2065-poly-SI_8931-C46BDANXX	1	0.9089632164823113
TP_2067-capt-SI_9229-C5N1HANXX	0	0.004357767338022422
TP_2067-poly-SI_9194-C5N1HANXX	0	0.0030308576461219585
TP_2069-capt-SI_9383-C5N1GANXX	0	0.004522619611531272
TP_2069-poly-SI_9377-C5N1GANXX	0	0.002336615890341355
TP_2070-capt-SI_9607-C5MGWANXX	0	0.0013610965185791388
TP_2070-poly-SI_9581-C5MGWANXX	0	0.006557571153358972
TP_2071-capt-SI_9746-C5N0KANXX	0	0.02263422811098772
TP_2071-poly-SI_9739-C5N0KANXX	0	0.0098582467617992
TP_2072-capt-SI_9129-C4NPJANXX	0	0.004861537987540465
TP_2073-capt-SI_9869-C67VYANXX	0	0.024503512813511645
TP_2073-poly-SI_9865-C67VYANXX	0	0.036766944730241516
TP_2074-capt-SI_10259-C6EJEANXX	0	0.11468367269143998
TP_2075-capt-SI_10283-C6EKHANXX	0	0.002192001833119385
TP_2075-poly-SI_10280-C6EKHANXX	0	0.0016976784118556876
TP_2077-capt-SI_10153-C6EHCANXX	0	0.0016900552580744158
TP_2077-poly-SI_10142-C6EHCANXX	0	0.0018836048019682371
TP_2078-capt-SI_10154-C6EHCANXX	0	0.0005567153138032272
TP_2078-poly-SI_10143-C6EHCANXX	0	0.00032422407226552334
TP_2079-capt-SI_10284-C6EKHANXX	0	0.03348729582970658
TP_2080-capt-SI_10285-C6EKHANXX	0	0.007162625860796992
TP_2080-poly-SI_10281-C6EKHANXX	0	0.00989161272022915
TP_2081-capt-SI_10417-C6ET2ANXX	0	0.0010854219958986071
TP_2081-poly-SI_10414-C6ET2ANXX	0	0.001224531623596109
TP_2083-capt-SI_10418-C6ET2ANXX	0	0.0041290484676833935
TP_2083-poly-SI_10415-C6ET2ANXX	0	0.002868858730797009
TP_2086-capt-SI_10440-C6ERDANXX	0	0.007641532330962435
TP_2086-poly-SI_10434-C6ET2ANXX	0	0.004509285293598982
TP_2087-capt-SI_10562-C6EEUANXX	0	0.07891121036704224
TP_2090-capt-SI_10666-C6UPRANXX	0	0.014007443515264534
TP_2091-capt-SI_10667-C6UPRANXX	1	0.8647292841413123
TP_2091-poly-SI_10661-C6UPRANXX	1	0.8606913918004574
TP_2093-capt-SI_10699-C6V2AANXX	0	0.0036119554578506333
TP_2093-poly-SI_10697-C6V2AANXX	0	0.0026713593605590465
TP_2096-capt-SI_10732-C6UUJANXX	0	0.0010140178112795872
TP_2096-poly-SI_10724-C6UUJANXX	0	0.0007698282660449225
TP_2098-capt-SI_10861-C6URJANXX	0	0.029527319269701948
TP_2100-capt-SI_11011-HK2MMADXX	0	0.008453150831200544
TP_2100-poly-SI_11003-HK2MMADXX	0	0.004307173507706554
TP_2101-capt-SI_11012-C6T3EANXX	0	0.02804786772765139
TP_2101-poly-SI_11004-C6T3EANXX	0	0.02129147300459406
TP_2102-capt-SI_11150-C6UTYANXX	0	0.030134427128570923
TP_2102-poly-SI_11147-C6T5LANXX	0	0.021987187107479596
TP_2106-capt-SI_11224-C6UTYANXX	0	0.026436709348313527
TP_2109-capt-SI_11420-C6UUUANXX	0	0.001087773023596103
TP_2109-poly-SI_11372-C6UUUANXX	0	0.0015099747348137058
TP_2118-capt-SI_11547-C7GBMANXX	0	0.004400456082368546
TP_2119-capt-SI_11548-C7GBMANXX	0	0.12710511404275465
TP_2120-capt-SI_11542-HV7FKADXX	1	0.3606368331612889
TP_2120-poly-SI_11533-HV7JLADXX	1	0.4494232387614392
TP_2122-capt-SI_11543-C7GBMANXX	0	0.06462656792911009
TP_2122-poly-SI_11534-C7GBMANXX	0	0.05215346091778473
TP_2123-capt-SI_11731-C7G60ANXX	1	0.4069801615074671
TP_2123-poly-SI_11689-C7G60ANXX	1	0.5733667757570122
TP_2130-capt-SI_11905-C7FMDANXX	0	0.007262798132964522
TP_2131-capt-SI_11906-C7F4VANXX	0	0.006608848780934145
TP_2141-capt-SI_12056-H53C5ADXX	0	0.2110171970359145
TP_2156-capt-SI_12477-C7G91ANXX	0	0.0020381031329189834
